id,authority,url,host,status,cdn,err
nber-data,research,https://www.nber.org,www.nber.org,200,fastly,
drugbank,research,https://go.drugbank.com,go.drugbank.com,403,cloudflare,
alphafold-db,international,https://alphafold.com,alphafold.com,200,unknown,
ieee-xplore,research,https://ieeexplore.ieee.org,ieeexplore.ieee.org,420,cloudfront,
uk-biobank,research,https://www.ukbiobank.ac.uk/,www.ukbiobank.ac.uk,403,cloudflare,
ghdx,research,https://ghdx.healthdata.org/,ghdx.healthdata.org,200,cloudflare,
china-sac,other,https://www.sac.net.cn/hysj/,www.sac.net.cn,567,unknown,
clinicaltrials-gov,government,https://clinicaltrials.gov/,clinicaltrials.gov,200,unknown,
china-csdc,other,https://www.chinaclear.cn/zdjs/tjyb/center_tjbg.shtml,www.chinaclear.cn,0,unknown,
pubmed,government,https://pubmed.ncbi.nlm.nih.gov/,pubmed.ncbi.nlm.nih.gov,200,origin,
intl-chemspider,international,https://www.chemspider.com,www.chemspider.com,403,cloudfront,
intl-rcsb-pdb,research,https://www.rcsb.org,www.rcsb.org,200,unknown,
copernicus-open-access-hub,international,https://dataspace.copernicus.eu/,dataspace.copernicus.eu,0,unknown,
bis-statistics,government,https://data.bis.org/,data.bis.org,200,unknown,
ggdc-databases,research,https://www.rug.nl/ggdc/,www.rug.nl,200,unknown,
china-nea,government,https://www.nea.gov.cn/sjzz/,www.nea.gov.cn,200,unknown,
penn-world-table,research,https://www.rug.nl/ggdc/productivity/pwt/,www.rug.nl,200,unknown,
china-shenzhen-housing,government,https://zjj.sz.gov.cn/xxgk/,zjj.sz.gov.cn,200,unknown,
asian-barometer,research,https://asianbarometer.org,asianbarometer.org,200,origin,
chembl,research,https://www.ebi.ac.uk/chembl/,www.ebi.ac.uk,200,origin,
pubchem,government,https://pubchem.ncbi.nlm.nih.gov/,pubchem.ncbi.nlm.nih.gov,200,origin,
china-gpai,commercial,https://www.gpai.net/sf/,www.gpai.net,0,unknown,
us-ncbi-genbank,government,https://www.ncbi.nlm.nih.gov/genbank/,www.ncbi.nlm.nih.gov,200,origin,
afrobarometer,research,https://www.afrobarometer.org/data/,www.afrobarometer.org,200,origin,
owid,research,https://github.com/owid/owid-datasets,github.com,200,unknown,
china-beike-research,market,https://research.ke.com,research.ke.com,200,unknown,
tcga,government,https://portal.gdc.cancer.gov/,portal.gdc.cancer.gov,200,origin,
cninfo,government,https://www.cninfo.com.cn/new/commonUrl?url=disclosure/list/search,www.cninfo.com.cn,200,origin,
cern-open-data,research,https://opendata.cern.ch/,opendata.cern.ch,200,origin,
acad-cod,research,https://www.crystallography.net/cod/,www.crystallography.net,200,origin,
china-ccia,other,http://www.zgjzy.org.cn/newsList/11/1.html,www.zgjzy.org.cn,200,origin,
china-acfic,other,https://www.acfic.org.cn/myjjsj/,www.acfic.org.cn,200,origin,
1000-genomes,research,https://www.internationalgenome.org/,www.internationalgenome.org,200,unknown,
dhs,international,https://dhsprogram.com/,dhsprogram.com,200,origin,
china-ndrc,government,https://www.ndrc.gov.cn/fgsj/,www.ndrc.gov.cn,405,unknown,
china-ndrc-computing,government,https://www.ndrc.gov.cn/xxgk/zcfb/tz/202312/t20231229_1363000.html,www.ndrc.gov.cn,405,unknown,
china-cada,other,http://data.cada.cn/main/overview.do,data.cada.cn,200,unknown,
world-inequality-database,research,https://wid.world/,wid.world,200,cloudfront,
china-cric,market,https://www.cric.com/newhouse/,www.cric.com,200,alicdn,
china-urban-planning,research,https://www.planning.org.cn/paper,www.planning.org.cn,200,origin,
china-cscec,commercial,https://www.cscec.com,www.cscec.com,200,unknown,
china-jd-auction,commercial,https://auction.jd.com/sifa.html,auction.jd.com,200,unknown,
ena,international,https://www.ebi.ac.uk/ena/browser/,www.ebi.ac.uk,200,origin,
china-sic,government,https://www.sic.gov.cn/,www.sic.gov.cn,200,origin,
china-alibaba-auction,commercial,https://sf.taobao.com,sf.taobao.com,200,alicdn,
china-caupd,research,https://www.caupd.com/,www.caupd.com,200,origin,
china-mohrss,government,https://www.mohrss.gov.cn/SYrlzyhshbzb/zwgk/szrs/,www.mohrss.gov.cn,200,unknown,
china-shenzhen-drc,government,http://fgw.sz.gov.cn/zwgk/,fgw.sz.gov.cn,200,unknown,
china-acftu,government,https://www.acftu.org,www.acftu.org,412,unknown,
china-mct,government,https://www.mct.gov.cn/zwgk/tjsj/,www.mct.gov.cn,200,unknown,
china-csus,research,https://www.chinasus.org/,www.chinasus.org,200,origin,
china-agri,government,https://www.agri.cn/,www.agri.cn,200,unknown,
china-mofcom,government,https://data.mofcom.gov.cn,data.mofcom.gov.cn,200,origin,
china-sinosure,government,https://www.sinosure.com.cn/gywm/gsjj/xxpl/index.shtml,www.sinosure.com.cn,405,unknown,
china-cfsmc,government,https://www.chinacoop.gov.cn/,www.chinacoop.gov.cn,200,origin,
china-shenzhen-hrss,government,https://hrss.sz.gov.cn/xxgk/index.html,hrss.sz.gov.cn,0,unknown,
china-natesc,government,https://www.natesc.org.cn,www.natesc.org.cn,0,unknown,
china-miit-sme,government,https://www.chinasme.org.cn/html/mcms/daohang/tongzhigonggao/index.html,www.chinasme.org.cn,200,unknown,
china-cfeed,other,https://www.chinafeed.org.cn/hyfx/,www.chinafeed.org.cn,200,unknown,
china-caac,government,https://www.caac.gov.cn/XXGK/XXGK/TJSJ/index.html,www.caac.gov.cn,200,unknown,
china-iprcc,research,https://www.iprcc.org.cn,www.iprcc.org.cn,200,origin,
china-creprice,market,http://www.creprice.cn,www.creprice.cn,200,origin,
china-ccpit,government,https://www.ccpit.org/,www.ccpit.org,403,origin,
china-customs,government,http://www.customs.gov.cn,www.customs.gov.cn,412,unknown,
china-nfsra,government,https://lswz.gov.cn/html/xwzx/sjfb/index.html,lswz.gov.cn,0,unknown,
china-bof,government,https://yyj.moa.gov.cn,yyj.moa.gov.cn,200,unknown,
china-gd-housing,government,https://zfcxjst.gd.gov.cn/xxgk/,zfcxjst.gd.gov.cn,200,origin,
china-gsxt,government,https://www.gsxt.gov.cn,www.gsxt.gov.cn,403,unknown,
china-iresearch,market,https://www.iresearch.com.cn/report.shtml,www.iresearch.com.cn,200,origin,
china-cei,commercial,https://www.cei.cn/category/,www.cei.cn,200,origin,
china-cflp,other,https://www.chinawuliu.com.cn/lhhzq/,www.chinawuliu.com.cn,0,unknown,
china-chinca,other,https://www.chinca.org/CICA/info/20-1/index.html,www.chinca.org,200,alicdn,
china-ha-stats,government,https://tjj.henan.gov.cn/tjfw/tjsj/,tjj.henan.gov.cn,403,origin,
china-wuhan-stats,government,https://tjj.wuhan.gov.cn/zfxxgk/,tjj.wuhan.gov.cn,200,origin,
china-cih-index,research,https://www.cih-index.com,www.cih-index.com,200,origin,
china-catas,research,https://www.catas.cn,www.catas.cn,200,origin,
china-construction-standards,government,https://www.cecs.org.cn/biaozhun/,www.cecs.org.cn,0,unknown,
china-samr,government,https://www.samr.gov.cn/zw/sj/sjzx/,www.samr.gov.cn,200,unknown,
china-nanjing-stats,government,https://tjj.nanjing.gov.cn/,tjj.nanjing.gov.cn,200,unknown,
china-shenzhen-prtc,government,https://www.szggzy.com/,www.szggzy.com,200,unknown,
china-yn-stats,government,http://stats.yn.gov.cn,stats.yn.gov.cn,200,origin,
china-cccme,other,https://www.cccme.org.cn/shop/cccme-stat/index.aspx,www.cccme.org.cn,404,unknown,
china-fangjia,market,https://www.fangjia.com,www.fangjia.com,200,origin,
china-gacc,government,https://www.customs.gov.cn/customs/302249/zfxxgk/2799825/302274/302277/index.html,www.customs.gov.cn,0,unknown,
china-cq-stats,government,https://tjj.cq.gov.cn/zwgk_233040/zfxxgkml/tjxx/,tjj.cq.gov.cn,404,unknown,
china-shanghai-stats,government,https://tjj.sh.gov.cn/sjxx/index.html,tjj.sh.gov.cn,200,unknown,
china-gd-stats,government,https://stats.gd.gov.cn/tjsj186/index.html,stats.gd.gov.cn,200,origin,
china-nm-stats,government,http://tj.nmg.gov.cn,tj.nmg.gov.cn,403,unknown,
china-drcnet,research,https://www.drcnet.com.cn,www.drcnet.com.cn,200,unknown,
china-sasac,government,https://www.sasac.gov.cn/n2588030/index.html,www.sasac.gov.cn,0,unknown,
china-zhengzhou-stats,government,https://tjj.zhengzhou.gov.cn/tjsj/index.jhtml,tjj.zhengzhou.gov.cn,403,unknown,
china-ln-stats,government,https://tjj.ln.gov.cn/tjsj/,tjj.ln.gov.cn,200,unknown,
china-xian-stats,government,http://tjj.xa.gov.cn/,tjj.xa.gov.cn,200,unknown,
china-ah-stats,government,https://tjj.ah.gov.cn/tjsj/,tjj.ah.gov.cn,403,unknown,
china-suzhou-stats,government,http://tjj.suzhou.gov.cn/,tjj.suzhou.gov.cn,200,unknown,
china-fj-stats,government,https://tjj.fujian.gov.cn/xxgk/tjxx/,tjj.fujian.gov.cn,200,unknown,
china-hb-stats,government,https://tjj.hubei.gov.cn/tjsj/,tjj.hubei.gov.cn,200,unknown,
china-xj-stats,government,https://tjj.xinjiang.gov.cn/tjj/tjsj/,tjj.xinjiang.gov.cn,403,origin,
china-moa,government,https://www.moa.gov.cn/nybgb/,www.moa.gov.cn,200,unknown,
china-hlj-stats,government,https://tjj.hlj.gov.cn/tjj/c106777/common_zfxxgk.shtml?tab=tjxx,tjj.hlj.gov.cn,403,unknown,
china-hn-stats,government,https://tjj.hunan.gov.cn/tjsj/,tjj.hunan.gov.cn,200,origin,
china-gs-stats,government,https://tjj.gansu.gov.cn/tjj/tjsj/,tjj.gansu.gov.cn,412,unknown,
china-cahec,government,https://www.cahec.cn,www.cahec.cn,200,unknown,
china-cgcc,other,https://www.cgcc.org.cn/hyfz/zglsyfzzs/,www.cgcc.org.cn,0,unknown,
china-shenzhen-stats,government,https://tjj.sz.gov.cn/zwgk/zfxxgkml/tjsj/,tjj.sz.gov.cn,0,unknown,
china-ccpia,other,https://www.ccpia.com.cn,www.ccpia.com.cn,200,origin,
china-beijing-stats,government,https://tjj.beijing.gov.cn/tjsj_31433/,tjj.beijing.gov.cn,200,unknown,
china-chengdu-stats,government,http://cdstats.chengdu.gov.cn/,cdstats.chengdu.gov.cn,0,unknown,
china-tj-stats,government,https://stats.tj.gov.cn/tjsj_52032/,stats.tj.gov.cn,403,unknown,
china-heb-stats,government,https://tjj.hebei.gov.cn/tjsj/,tjj.hebei.gov.cn,0,unknown,
china-sd-stats,government,https://tjj.shandong.gov.cn/col/col8456/index.html,tjj.shandong.gov.cn,0,unknown,
china-qh-stats,government,https://tjj.qinghai.gov.cn/tjsj/,tjj.qinghai.gov.cn,0,unknown,
china-jl-stats,government,https://tjj.jl.gov.cn/tjsj/,tjj.jl.gov.cn,200,unknown,
china-ccfa,other,https://www.ccfa.com.cn/19/index.html,www.ccfa.com.cn,200,origin,
china-ctic,other,https://www.ctic.org.cn,www.ctic.org.cn,200,origin,
china-cnea,other,https://www.china-nea.cn/,www.china-nea.cn,403,origin,
china-jx-stats,government,https://tjj.jiangxi.gov.cn/jxstjj/col/col40939/index.html,tjj.jiangxi.gov.cn,0,unknown,
china-light-industry-council,market,http://www.cnlic.org.cn,www.cnlic.org.cn,200,origin,
china-cppia,market,http://www.cppia.com.cn,www.cppia.com.cn,200,origin,
china-cantonfair,government,https://www.cantonfair.org.cn,www.cantonfair.org.cn,200,unknown,
china-hk-censtatd,government,https://www.censtatd.gov.hk/,www.censtatd.gov.hk,200,azure,
china-gas-association,other,https://www.chinagas.org.cn,www.chinagas.org.cn,403,origin,
china-qingdao-stats,government,http://qdtj.qingdao.gov.cn/,qdtj.qingdao.gov.cn,0,unknown,
china-fuzhou-stats,government,https://tjj.fuzhou.gov.cn,tjj.fuzhou.gov.cn,403,unknown,
china-cheaa,other,https://www.cheaa.org/channels/116.html,www.cheaa.org,200,unknown,
china-xz-stats,government,https://tjj.xizang.gov.cn/xxgk/tjxx/tjsj/,tjj.xizang.gov.cn,0,unknown,
china-cbmf,other,https://www.cbmf.org/yxjc/,www.cbmf.org,200,alicdn,
china-tea-marketing-association,market,https://www.ctma.com.cn,www.ctma.com.cn,200,origin,
china-furniture-association,market,https://www.cnfa.com.cn,www.cnfa.com.cn,200,origin,
cscse,government,https://zwfw.cscse.edu.cn,zwfw.cscse.edu.cn,0,unknown,
china-cbea,other,https://www.chinabeverage.org,www.chinabeverage.org,200,origin,
china-gz-stats,government,https://stjj.guizhou.gov.cn/tjsj/,stjj.guizhou.gov.cn,0,unknown,
china-cria,other,https://www.cria.org.cn/c/id/1760910256413655041,www.cria.org.cn,200,unknown,
cdgdc,government,https://www.chinadegrees.cn/,www.chinadegrees.cn,412,unknown,
china-nx-stats,government,https://tj.nx.gov.cn/tjsj_htr/jdsj_htr/,tj.nx.gov.cn,200,unknown,
china-cofco,government,https://www.cofco.com,www.cofco.com,200,origin,
china-caq,other,https://www.caq.org.cn/html/zltj,www.caq.org.cn,200,origin,
china-passenger-car-association,research,https://www.cpcaauto.com/newslist.php?types=csjd,www.cpcaauto.com,403,origin,
china-sc-stats,government,https://tjj.sc.gov.cn/scstjj/c112124/sjcx.shtml,tjj.sc.gov.cn,0,unknown,
china-hi-stats,government,https://stats.hainan.gov.cn/hntjj/tjsj/,stats.hainan.gov.cn,403,origin,
china-nlc,government,https://www.nlc.cn/pcab/,www.nlc.cn,200,origin,
china-csrc-futures,other,https://www.cfachina.org/servicesupport/researchandpublishin/statisticalsdata/,www.cfachina.org,200,unknown,
china-beijing-stock-exchange,market,https://www.bse.cn/market_data.html,www.bse.cn,404,unknown,
china-nifd,research,http://www.nifd.cn,www.nifd.cn,200,unknown,
moe-china,government,https://www.moe.gov.cn/jyb_xxgk/xxgk/neirong/tongji/,www.moe.gov.cn,200,unknown,
china-trustee-association,other,http://www.xtxh.net/xtyxh/hyyj/tjsj/index.html,www.xtxh.net,200,origin,
china-sn-stats,government,https://tjj.shaanxi.gov.cn/tjsj/,tjj.shaanxi.gov.cn,0,unknown,
china-nfra,government,https://www.nfra.gov.cn/cn/view/pages/tongjishuju/tongjishuju.html,www.nfra.gov.cn,200,origin,
china-shanghai-clearing-house,market,https://www.shclearing.com.cn/sjtj/,www.shclearing.com.cn,404,origin,
moe-gaokao,government,https://gaokao.chsi.com.cn/,gaokao.chsi.com.cn,412,unknown,
china-cstm,government,https://www.cstm.org.cn,www.cstm.org.cn,200,origin,
china-pbc,government,https://www.pbc.gov.cn/diaochatongjisi/116219/index.html,www.pbc.gov.cn,200,origin,
china-gaokao-chsi,government,https://yz.chsi.com.cn/sch/,yz.chsi.com.cn,200,unknown,
china-adbc,government,https://www.adbc.com.cn/,www.adbc.com.cn,200,unknown,
china-icbc,commercial,https://www.icbc.com.cn,www.icbc.com.cn,200,unknown,
china-iac,market,https://www.iachina.cn/col/col4479/,www.iachina.cn,200,origin,
china-xinhua-finance,market,https://www.cnfin.com/,www.cnfin.com,200,unknown,
china-nanchang-stats,government,http://tjj.nc.gov.cn/tjsj/,tjj.nc.gov.cn,200,unknown,
china-payment-clearing,other,https://www.pcac.org.cn/eportal/ui?pageId=477883,www.pcac.org.cn,200,origin,
china-nifa,other,https://www.nifa.org.cn,www.nifa.org.cn,403,unknown,
hkex,commercial,https://www.hkexnews.hk,www.hkexnews.hk,503,akamai,
china-cansi,other,https://www.cansi.org.cn/cms/document/show/43.html,www.cansi.org.cn,500,origin,
china-boc,commercial,https://www.boc.cn/fimarkets/,www.boc.cn,200,unknown,
china-chinalife,commercial,https://www.e-chinalife.com,www.e-chinalife.com,200,origin,
china-mof,government,https://www.mof.gov.cn/gkml/,www.mof.gov.cn,403,origin,
china-js-stats,government,https://tj.jiangsu.gov.cn/col/col85273/index.html,tj.jiangsu.gov.cn,200,unknown,
china-cicpa,market,https://www.cicpa.org.cn/xxcx/,www.cicpa.org.cn,200,unknown,
china-neeq,market,https://www.neeq.com.cn/issuanceList.html,www.neeq.com.cn,404,unknown,
china-csi-index,market,https://www.csindex.com.cn/#/indices/family/list,www.csindex.com.cn,200,unknown,
china-sinograin,government,https://www.sinograin.com.cn,www.sinograin.com.cn,502,unknown,
china-cfa,market,https://www.cfachina.org/servicesupport/researchandpublishin/statisticalsdata/,www.cfachina.org,200,unknown,
china-abc,commercial,https://www.abchina.com/cn/InvestorRelations/,www.abchina.com,302,unknown,
china-safe,government,https://www.safe.gov.cn/safe/tjsj1/index.html,www.safe.gov.cn,200,origin,
china-cdb,government,https://www.cdb.com.cn,www.cdb.com.cn,412,unknown,
china-nssf,government,http://www.ssf.gov.cn/,www.ssf.gov.cn,302,origin,
china-moe-higher-education,government,https://www.moe.gov.cn/jyb_sjzl/sjzl_fztjgb/,www.moe.gov.cn,200,unknown,
china-sse,market,https://www.sse.com.cn/market/stockdata/statistic/,www.sse.com.cn,200,origin,
china-shenzhen-jrj,government,https://jr.sz.gov.cn/sjrb/xxgk/index.html,jr.sz.gov.cn,0,unknown,
china-cba,market,https://www.china-cba.net/Index/lists/catid/268.html,www.china-cba.net,200,origin,
china-dce,market,https://www.dce.com.cn/publicweb/quotesdata/dayQuotesCh.html,www.dce.com.cn,0,unknown,
china-shenzhen-open-data,government,https://opendata.sz.gov.cn/data/dataSet/toDataList,opendata.sz.gov.cn,404,origin,
china-szse,government,https://www.szse.cn/market/trend/index.html,www.szse.cn,0,unknown,
china-psbc,commercial,https://www.psbc.com,www.psbc.com,200,origin,
china-ccb,commercial,http://www.ccb.com,www.ccb.com,200,origin,
china-crrc,commercial,https://www.crrcgc.cc,www.crrcgc.cc,403,origin,
china-crg,government,http://www.china-railway.com.cn/,www.china-railway.com.cn,200,unknown,
china-highway-society,research,https://www.chts.cn,www.chts.cn,200,unknown,
china-amac,government,https://www.amac.org.cn/informationpublicity/,www.amac.org.cn,404,origin,
china-chinatax,government,https://www.chinatax.gov.cn/chinatax/n810219/,www.chinatax.gov.cn,200,unknown,
china-cfets,government,https://www.chinamoney.com.cn/chinese/bkccpr/,www.chinamoney.com.cn,200,origin,
china-shfe,market,https://www.shfe.com.cn/reports/tradedata/dailyandweeklydata/,www.shfe.com.cn,200,unknown,
cnki-population-census,commercial,https://data.cnki.net/npcd,data.cnki.net,0,unknown,
china-czce,market,https://www.czce.com.cn/cn/exchange/daily_data/index.htm,www.czce.com.cn,412,unknown,
china-cata,other,https://www.cata.org.cn/NewsList.aspx?id=11,www.cata.org.cn,200,origin,
china-msa,government,https://www.msa.gov.cn/page/zxgk/tjsj.html,www.msa.gov.cn,403,unknown,
china-chinabond,market,https://yield.chinabond.com.cn/cbweb-pbc-web/pbc/historyQuery,yield.chinabond.com.cn,200,unknown,
ceic-china-urbanization,commercial,https://www.ceicdata.com/zh-hans/china/population-urbanization-rate,www.ceicdata.com,200,cloudfront,
china-acwf,government,https://www.women.org.cn/,www.women.org.cn,403,unknown,
china-ports-association,other,http://www.port.org.cn,www.port.org.cn,200,origin,
china-nafmii,government,https://www.nafmii.org.cn/,www.nafmii.org.cn,200,unknown,
china-cttic,government,https://www.cttic.cn,www.cttic.cn,200,origin,
china-capco,market,https://www.capco.org.cn,www.capco.org.cn,200,origin,
china-post-group,government,https://www.chinapost.com.cn/,www.chinapost.com.cn,200,unknown,
china-mps,government,https://www.mps.gov.cn/n6557558/index.html,www.mps.gov.cn,521,origin,
china-cta,research,https://www.ctaweb.org.cn/index.php?m=home&c=Lists&a=index&tid=21,www.ctaweb.org.cn,200,origin,
china-picc,commercial,https://www.picc.com.cn,www.picc.com.cn,200,unknown,
china-nmc,government,https://www.nmc.cn/publish/observations.html,www.nmc.cn,200,origin,
china-eximbank,government,http://www.eximbank.gov.cn/cn/index/information/annual/index.html,www.eximbank.gov.cn,0,unknown,
china-ccs,government,https://www.ccs.org.cn/,www.ccs.org.cn,200,unknown,
china-spb,government,https://www.spb.gov.cn/gjyzj/c100009/c100014/xxgk_index.shtml,www.spb.gov.cn,403,unknown,
china-cncaprc,government,https://www.cncaprc.gov.cn,www.cncaprc.gov.cn,200,origin,
china-ncc,government,https://cmdp.ncc-cma.net,cmdp.ncc-cma.net,403,origin,
china-sx-stats,government,https://tjj.shanxi.gov.cn/tjsj/,tjj.shanxi.gov.cn,0,unknown,
china-csdp,government,https://www.csdp.edu.cn,www.csdp.edu.cn,200,unknown,
china-cipd,research,https://www.cpirc.org.cn,www.cpirc.org.cn,200,origin,
china-caitec,research,https://www.caitec.org.cn/,www.caitec.org.cn,200,unknown,
china-igsnrr,research,http://www.igsnrr.ac.cn,www.igsnrr.ac.cn,200,unknown,
china-crta,other,https://www.crta.org.cn/news.html?id=42,www.crta.org.cn,200,origin,
china-ioz,research,http://www.ioz.ac.cn,www.ioz.ac.cn,200,unknown,
china-nbs,government,https://www.stats.gov.cn/sj/,www.stats.gov.cn,200,unknown,
china-tpdc,research,https://data.tpdc.ac.cn,data.tpdc.ac.cn,200,origin,
china-nra,government,https://www.nra.gov.cn/xxgk/gkml/,www.nra.gov.cn,200,origin,
china-polar-service,government,https://www.chinare.org.cn/,www.chinare.org.cn,200,origin,
china-vip,commercial,https://www.cqvip.com,www.cqvip.com,200,unknown,
china-caict,research,http://www.caict.ac.cn/kxyj/qwfb/,www.caict.ac.cn,412,unknown,
china-nmic,government,https://data.cma.cn/data/index.html,data.cma.cn,200,origin,
china-cas,research,https://www.scidb.cn/,www.scidb.cn,200,alicdn,
china-mot,government,https://www.mot.gov.cn/shuju/,www.mot.gov.cn,200,origin,
china-ciecc,government,https://www.ciecc.com.cn,www.ciecc.com.cn,200,origin,
china-cma,government,https://data.cma.cn,data.cma.cn,200,origin,
china-casm,research,https://www.casm.ac.cn,www.casm.ac.cn,200,origin,
china-cast,other,https://www.cast.org.cn/xw/,www.cast.org.cn,200,unknown,
china-drc,government,https://www.drc.gov.cn/yjcg.htm,www.drc.gov.cn,200,unknown,
china-casted,research,http://www.casted.org.cn/channel/,www.casted.org.cn,200,origin,
china-ncsti,research,https://www.ncsti.gov.cn,www.ncsti.gov.cn,403,unknown,
china-wanfang,commercial,https://www.wanfangdata.com.cn/,www.wanfangdata.com.cn,200,unknown,
china-giec,research,http://www.giec.ac.cn,www.giec.ac.cn,200,unknown,
china-cngbdb,research,https://db.cngb.org,db.cngb.org,200,unknown,
china-sass,research,https://www.sass.org.cn,www.sass.org.cn,200,origin,
china-cf40,research,https://www.cf40.com/research,www.cf40.com,200,origin,
china-pbcsf,research,https://www.pbcsf.tsinghua.edu.cn/,www.pbcsf.tsinghua.edu.cn,200,unknown,
china-cste,research,https://www.cste.org.cn,www.cste.org.cn,200,origin,
china-cncbd,government,https://www.cncbd.org.cn,www.cncbd.org.cn,200,origin,
china-cstr,government,https://cstr.cn/resreg,cstr.cn,200,origin,
china-cgss,research,http://cgss.ruc.edu.cn/,cgss.ruc.edu.cn,200,unknown,
china-ngdc,research,https://ngdc.cncb.ac.cn/gsub/,ngdc.cncb.ac.cn,200,origin,
china-camet,other,https://www.camet.org.cn,www.camet.org.cn,200,alicdn,
china-cufe-iigf,research,https://iigf.cufe.edu.cn/yjcg/yjbg.htm,iigf.cufe.edu.cn,200,origin,
china-ibcas,research,https://www.ibcas.ac.cn,www.ibcas.ac.cn,200,unknown,
china-cisri,research,https://www.cisri.com.cn,www.cisri.com.cn,200,unknown,
china-chfs,research,https://chfs.swufe.edu.cn,chfs.swufe.edu.cn,200,alicdn,
china-resdc,research,https://www.resdc.cn,www.resdc.cn,0,unknown,
china-pric,research,https://www.pric.org.cn/,www.pric.org.cn,200,origin,
china-nigpas,research,http://www.nigpas.ac.cn,www.nigpas.ac.cn,200,unknown,
china-nsfc,government,https://www.nsfc.gov.cn/p1/2961/2964/3655/cg.html,www.nsfc.gov.cn,403,unknown,
china-igg,research,https://igg.cas.cn,igg.cas.cn,0,unknown,
china-ngeos,research,https://www.geodata.cn/data/,www.geodata.cn,200,unknown,
china-catarc,research,https://www.catarc.ac.cn,www.catarc.ac.cn,200,origin,
china-cae,research,https://www.cae.cn/cae/html/main/col73/column_73_1.html,www.cae.cn,200,alicdn,
china-pmo,research,http://www.pmo.ac.cn,www.pmo.ac.cn,200,unknown,
china-iap,research,https://www.iap.ac.cn,www.iap.ac.cn,200,unknown,
china-scidb,research,https://www.scidb.cn/list?type=all,www.scidb.cn,200,alicdn,
china-nssdc,research,https://www.nssdc.ac.cn,www.nssdc.ac.cn,400,unknown,
china-csic,research,https://sociology.cssn.cn,sociology.cssn.cn,0,unknown,
china-nopss,government,https://www.nopss.gov.cn,www.nopss.gov.cn,200,unknown,
china-caea,government,https://www.caea.gov.cn,www.caea.gov.cn,0,unknown,
acad-conferenceboard,research,https://www.conference-board.org/topics/economic-data-analysis,www.conference-board.org,0,unknown,
china-cnooc,government,https://www.cnooc.com.cn,www.cnooc.com.cn,200,origin,
china-pbccrc,government,https://www.pbccrc.org.cn,www.pbccrc.org.cn,200,origin,
china-cdrf,research,https://www.cdrf.org.cn,www.cdrf.org.cn,500,alicdn,
china-ccs-crop,research,https://www.chinacrops.org,www.chinacrops.org,200,origin,
china-nstl,government,https://www.nstl.gov.cn/search.html,www.nstl.gov.cn,200,origin,
china-cabr,research,https://www.cabr.cn,www.cabr.cn,200,unknown,
china-termonline,government,https://www.termonline.cn,www.termonline.cn,200,origin,
china-gscloud,research,https://www.gscloud.cn/search,www.gscloud.cn,200,origin,
china-nies,research,https://www.nies.org,www.nies.org,200,unknown,
china-ngcc,government,https://www.ngcc.cn/dlxxzy/gjjcdlxxsjk/,www.ngcc.cn,200,origin,
china-ctg,government,https://www.ctg.com.cn,www.ctg.com.cn,200,origin,
china-cciee,research,https://www.cciee.org.cn/ktcglistall.aspx?clmId=650,www.cciee.org.cn,200,unknown,
china-imcas,research,https://www.im.cas.cn,www.im.cas.cn,200,unknown,
china-cenews,government,http://www.cenews.com.cn/,www.cenews.com.cn,200,origin,
china-shenzhen-pnr,government,https://pnr.sz.gov.cn/xxgk/,pnr.sz.gov.cn,200,unknown,
china-cnemc,government,https://www.cnemc.cn/sssj/,www.cnemc.cn,200,unknown,
china-cigem,government,http://www.cigem.cgs.gov.cn/,www.cigem.cgs.gov.cn,200,origin,
china-pku-opendata,research,https://opendata.pku.edu.cn,opendata.pku.edu.cn,200,origin,
china-caep,research,http://www.caep.org.cn,www.caep.org.cn,200,unknown,
china-sinopec,government,http://www.sinopecgroup.com/group/xhtml/shzr/,www.sinopecgroup.com,404,origin,
china-nmsa,government,https://www.chinamine-safety.gov.cn/zfxxgk/,www.chinamine-safety.gov.cn,200,unknown,
china-mee,government,https://www.mee.gov.cn/hjzl/,www.mee.gov.cn,200,unknown,
china-ncsc,research,http://www.ncsc.org.cn,www.ncsc.org.cn,200,unknown,
china-craes,research,https://www.craes.cn,www.craes.cn,200,unknown,
china-nsii,research,https://www.nsii.org.cn/2017/home.php,www.nsii.org.cn,200,unknown,
china-huaneng,commercial,https://www.chng.com.cn,www.chng.com.cn,200,origin,
china-landchina,government,https://www.landchina.com/default.aspx?tabid=226,www.landchina.com,200,unknown,
china-cgas,government,https://www.cgs.gov.cn/,www.cgs.gov.cn,200,origin,
china-cnpc,government,https://www.cnpc.com.cn/cnpc/nybg/common_index.shtml,www.cnpc.com.cn,412,unknown,
china-ceads,research,https://ceads.net.cn/data/,ceads.net.cn,200,origin,
china-hrc,government,http://www.hrc.gov.cn,www.hrc.gov.cn,405,unknown,
china-chinawater,government,https://www.chinawater.com.cn,www.chinawater.com.cn,200,unknown,
china-cnia,other,https://www.chinania.org.cn/html/hangyetongji/chanyeshuju/,www.chinania.org.cn,0,unknown,
china-ipe,research,https://www.ipe.org.cn/AirMap_fxy/AirMap.html,www.ipe.org.cn,200,unknown,
china-chnenergy,government,https://www.chnenergy.com.cn,www.chnenergy.com.cn,200,unknown,
china-mwr,government,http://www.mwr.gov.cn/sj/,www.mwr.gov.cn,200,origin,
china-ndrcc,government,https://www.ndrcc.org.cn/,www.ndrcc.org.cn,200,unknown,
china-cfps,research,https://opendata.pku.edu.cn/dataverse/CFPS,opendata.pku.edu.cn,200,origin,
china-iwhr,research,http://www.iwhr.com/,www.iwhr.com,200,alicdn,
china-cace,other,https://www.chinacace.org/patents/cycle_economy_report/,www.chinacace.org,200,unknown,
china-nesdc,research,https://www.nesdc.org.cn,www.nesdc.org.cn,200,origin,
china-crsri,research,http://www.crsri.cn,www.crsri.cn,502,unknown,
china-yrcc,government,http://www.yrcc.gov.cn,www.yrcc.gov.cn,200,origin,
china-crra,other,https://www.crra.org.cn,www.crra.org.cn,200,origin,
china-guangdong-nr,government,https://nr.gd.gov.cn/zwgknew/index.html,nr.gd.gov.cn,200,origin,
china-chinalco,commercial,https://www.chinalco.com.cn,www.chinalco.com.cn,200,unknown,
china-ches,research,http://www.ches.org.cn,www.ches.org.cn,200,origin,
china-beidou,government,http://www.beidou.gov.cn,www.beidou.gov.cn,200,origin,
china-miit-rare-earth,government,https://www.miit.gov.cn/jgsj/ycls/xt/index.html,www.miit.gov.cn,200,unknown,
china-cenc,government,https://www.cenc.ac.cn/,www.cenc.ac.cn,403,unknown,
china-cnipa-patents,government,https://www.cnipa.gov.cn/col/col61/index.html,www.cnipa.gov.cn,200,unknown,
china-nsoas,government,http://www.nsoas.org.cn,www.nsoas.org.cn,200,unknown,
china-nsmc,government,https://www.nsmc.org.cn/nsmc/cn/satellite/index.html,www.nsmc.org.cn,200,unknown,
china-ctmo,government,https://sbj.cnipa.gov.cn,sbj.cnipa.gov.cn,403,origin,
china-ccf,research,https://www.ccf.org.cn/Academic_Evaluation/By_category/,www.ccf.org.cn,200,alicdn,
china-cern,research,https://cern.ac.cn/0index/index.asp,cern.ac.cn,200,origin,
china-caai,research,https://www.caai.cn/index.php?s=/home/article/lists/category/baokan.html,www.caai.cn,200,origin,
china-cea,government,https://www.cea.gov.cn/cea/dzpd/dzzt/index.html,www.cea.gov.cn,403,unknown,
china-istic,research,https://www.istic.ac.cn/,www.istic.ac.cn,302,unknown,
china-cnesa,other,https://www.cnesa.org,www.cnesa.org,200,origin,
china-national-data-bureau,government,https://sjdj.nda.gov.cn/,sjdj.nda.gov.cn,0,unknown,
china-zj-stats,government,https://tjj.zj.gov.cn/col/col1525563/index.html,tjj.zj.gov.cn,0,unknown,
china-gx-stats,government,https://tjj.gxzf.gov.cn/tjsj/,tjj.gxzf.gov.cn,0,unknown,
china-shenzhen-stic,government,https://stic.sz.gov.cn/xxgk/index.html,stic.sz.gov.cn,0,unknown,
china-naoc,research,https://nadc.china-vo.org,nadc.china-vo.org,200,origin,
china-cffex,market,https://www.cffex.com.cn/sjzx/,www.cffex.com.cn,0,unknown,
china-slwr,government,http://www.slwr.gov.cn/gbjb.jhtml,www.slwr.gov.cn,301,origin,
china-tower,commercial,https://ir.china-tower.com/sc/ir/reports.php,ir.china-tower.com,200,unknown,
china-nfga,government,https://www.forestry.gov.cn/gjlcj/5462/index.html,www.forestry.gov.cn,200,unknown,
china-plant-csdb,research,https://www.plant.csdb.cn,www.plant.csdb.cn,200,unknown,
china-chinacoal,government,https://www.chinacoal.com,www.chinacoal.com,200,origin,
china-most-rnd,government,https://service.most.gov.cn/,service.most.gov.cn,403,origin,
china-csa,other,https://www.china-cas.org,www.china-cas.org,200,origin,
china-caamm,other,http://www.caamm.org.cn/member/qytj.jspx,www.caamm.org.cn,200,origin,
china-ccsa,other,https://www.ccsa.org.cn/webadmin/,www.ccsa.org.cn,200,origin,
china-cwea,other,http://www.cwea.org.cn/news_lastest.html,www.cwea.org.cn,200,unknown,
china-tc260,government,https://www.tc260.org.cn/,www.tc260.org.cn,200,origin,
china-csre,other,http://www.cs-re.org.cn/c50,www.cs-re.org.cn,200,origin,
china-openstd,government,https://openstd.samr.gov.cn/,openstd.samr.gov.cn,200,origin,
china-cncert,government,https://www.cert.org.cn/publish/main/45/index.html,www.cert.org.cn,200,unknown,
china-csg,government,https://www.csg.cn,www.csg.cn,200,unknown,
china-cnfia,other,https://www.cnfia.cn/archives/category/hangyetongji,www.cnfia.cn,200,origin,
china-nim,government,https://www.nim.ac.cn/nim_time,www.nim.ac.cn,200,origin,
china-cmse,government,https://www.cmse.gov.cn,www.cmse.gov.cn,200,unknown,
china-cmes,research,https://www.cmes.org,www.cmes.org,200,origin,
china-csee,research,https://www.csee.org.cn/,www.csee.org.cn,200,origin,
china-csm,research,https://www.csm.org.cn,www.csm.org.cn,200,unknown,
china-cpcif,other,http://www.cpcif.org.cn/list/stats,www.cpcif.org.cn,200,origin,
china-hwcc,government,http://www.hwcc.gov.cn,www.hwcc.gov.cn,0,unknown,
china-mohurd,government,https://www.mohurd.gov.cn/gongkai/zhengce/,www.mohurd.gov.cn,0,unknown,
china-cisa,other,https://www.chinaisa.org.cn/gxportal/xfgl/portal/index.html,www.chinaisa.org.cn,200,alicdn,
china-casa,other,http://www.casa-china.cn/,www.casa-china.cn,200,origin,
china-cpia,other,https://www.chinapv.org.cn/StaticPage/association_page1.html,www.chinapv.org.cn,200,origin,
china-ciesc,research,https://www.ciesc.cn,www.ciesc.cn,200,origin,
china-medical-association,research,https://www.cma.org.cn/col/col5601/index.html,www.cma.org.cn,200,origin,
china-cpharma,research,https://www.cpa.org.cn/?do=class&classid=250,www.cpa.org.cn,200,origin,
china-nmdis,government,https://mds.nmdis.org.cn/,mds.nmdis.org.cn,0,unknown,
china-miit,government,https://www.miit.gov.cn/gxsj/index.html,www.miit.gov.cn,200,unknown,
china-ces,research,https://www.ces.org.cn,www.ces.org.cn,200,origin,
china-isc,other,https://www.isc.org.cn/yanjiu/index.html,www.isc.org.cn,200,unknown,
china-ciia,other,https://www.ciia.org.cn,www.ciia.org.cn,200,origin,
china-hospital-association,other,https://www.cha.org.cn,www.cha.org.cn,200,origin,
china-sae,research,https://www.sae-china.org/newsdata/reportdata/,www.sae-china.org,200,origin,
china-most-infrastructure,government,https://nrii.org.cn/,nrii.org.cn,0,unknown,
china-ndcpa,government,https://www.ndcpa.gov.cn/jbkzzx/c100016/second/list.html,www.ndcpa.gov.cn,200,unknown,
china-nifdc,government,https://www.nifdc.org.cn,www.nifdc.org.cn,200,unknown,
china-nhsa,government,https://www.nhsa.gov.cn/col/col7/index.html,www.nhsa.gov.cn,200,alicdn,
china-automation-association,other,https://www.caa.org.cn/,www.caa.org.cn,200,origin,
china-cima,other,http://www.cima.org.cn,www.cima.org.cn,200,origin,
china-cnis,government,https://www.cnis.ac.cn/kycg/,www.cnis.ac.cn,200,unknown,
china-cagis,research,https://www.cagis.org.cn,www.cagis.org.cn,200,origin,
china-cac,government,https://www.cac.gov.cn/wxzw/sjzl/A093708index_1.htm,www.cac.gov.cn,200,unknown,
china-cacm,research,https://www.cacm.org.cn,www.cacm.org.cn,200,origin,
china-catcm,other,https://www.catcm.org.cn,www.catcm.org.cn,200,origin,
china-nphsd,research,https://www.phsciencedata.cn,www.phsciencedata.cn,200,unknown,
china-cdc,government,https://www.chinacdc.cn/gzdt/,www.chinacdc.cn,200,unknown,
china-class,research,http://class.ruc.edu.cn/,class.ruc.edu.cn,200,unknown,
china-chinadrugtrials,government,https://www.chinadrugtrials.org.cn,www.chinadrugtrials.org.cn,202,unknown,
china-nmpa,government,https://www.nmpa.gov.cn/datasearch/home-index.html,www.nmpa.gov.cn,412,unknown,
china-cass,research,http://www.cass.ac.cn/list/zw_sscp.html,www.cass.ac.cn,200,unknown,
china-nhc,government,https://www.nhc.gov.cn/mohwsbwstjxxzx/s7967/new_list.shtml,www.nhc.gov.cn,200,unknown,
china-cppcc,government,http://www.cppcc.gov.cn,www.cppcc.gov.cn,200,origin,
china-nhei,research,https://www.nhei.cn,www.nhei.cn,200,origin,
china-cidca,government,http://www.cidca.gov.cn/ywgz.htm,www.cidca.gov.cn,200,unknown,
china-ccgp,government,https://www.ccgp.gov.cn/cggg/index.htm,www.ccgp.gov.cn,200,origin,
china-court-execution,government,https://zxgk.court.gov.cn,zxgk.court.gov.cn,403,unknown,
china-cnsa,government,https://www.cnsa.gov.cn/n6758823/index.html,www.cnsa.gov.cn,200,unknown,
china-cmde,government,https://www.cmde.org.cn,www.cmde.org.cn,202,unknown,
china-cpma,research,https://www.cpma.org.cn,www.cpma.org.cn,200,origin,
china-cnas,government,https://www.cnas.org.cn/,www.cnas.org.cn,200,origin,
china-mem,government,https://www.mem.gov.cn/gk/tjsj/,www.mem.gov.cn,200,unknown,
china-court-auction,government,https://www.rmfysszc.gov.cn,www.rmfysszc.gov.cn,403,unknown,
china-cns,research,https://www.cnsoc.org,www.cnsoc.org,200,origin,
china-mofa,government,https://www.mfa.gov.cn/web/system/index_17321.shtml,www.mfa.gov.cn,200,origin,
china-ncha,government,http://www.ncha.gov.cn/col/col2276/index.html,www.ncha.gov.cn,200,origin,
china-ggzy,government,https://www.ggzy.gov.cn/,www.ggzy.gov.cn,200,unknown,
china-mva,government,https://www.mva.gov.cn/gongkai/,www.mva.gov.cn,200,unknown,
china-cqc,government,https://www.cqc.com.cn/,www.cqc.com.cn,200,origin,
china-bankruptcy-court,government,https://pccz.court.gov.cn/pcajxxw/index/xxwsy,pccz.court.gov.cn,403,unknown,
china-cec,other,https://www.cec.org.cn/detail/index.html?3-302929,www.cec.org.cn,0,unknown,
china-iamac,other,https://www.iamac.org.cn,www.iamac.org.cn,0,unknown,
china-nnsa,government,http://nnsa.mee.gov.cn,nnsa.mee.gov.cn,200,unknown,
china-cemia,other,http://www.cemia.org.cn,www.cemia.org.cn,0,unknown,
china-cpdrc,research,https://www.cpdrc.org.cn/sjzw/,www.cpdrc.org.cn,200,origin,
china-nia,government,https://www.nia.gov.cn/n741440/n741547/index.html,www.nia.gov.cn,200,unknown,
china-cams,research,https://www.cams.cn,www.cams.cn,200,origin,
china-cacms,research,https://www.cacms.ac.cn/index.html,www.cacms.ac.cn,200,origin,
china-nrta,government,https://www.nrta.gov.cn/col/col2040/index.html,www.nrta.gov.cn,200,unknown,
china-pkulaw,research,https://www.pkulaw.com/law,www.pkulaw.com,200,unknown,
china-ncac,government,https://www.ncac.gov.cn/chinacopyright/channels/634.html,www.ncac.gov.cn,501,unknown,
china-cnca,government,https://www.cnca.gov.cn,www.cnca.gov.cn,200,unknown,
china-nncc,government,http://www.nncc626.com,www.nncc626.com,200,unknown,
china-nfra-fire,government,https://www.119.gov.cn,www.119.gov.cn,200,unknown,
china-acla,other,https://www.acla.org.cn/acla/tjxx/,www.acla.org.cn,403,alicdn,
china-csrc,government,https://www.csrc.gov.cn/csrc/c100103/common_list.shtml,www.csrc.gov.cn,0,unknown,
china-saac,government,https://www.saac.gov.cn/daj/fzgz/lmlist.shtml,www.saac.gov.cn,200,origin,
china-neac,government,https://www.neac.gov.cn/seac/xxgk/tjsj/,www.neac.gov.cn,200,unknown,
china-ccdi,government,https://www.ccdi.gov.cn/xxgk/,www.ccdi.gov.cn,403,origin,
china-cfpa,other,http://www.cfpa.cn,www.cfpa.cn,200,origin,
china-napp,government,https://www.nppa.gov.cn/xxfb/,www.nppa.gov.cn,200,unknown,
china-caam,other,http://www.caam.org.cn/chn/4/cate_39/index.html,www.caam.org.cn,200,unknown,
china-spp,government,https://www.spp.gov.cn/spp/jcdt/jcgzdt/index_1.shtml,www.spp.gov.cn,200,origin,
china-natcm,government,https://www.natcm.gov.cn/guihuacaiwusi/gongzuodongtai/index.html,www.natcm.gov.cn,0,unknown,
china-phirda,other,https://www.phirda.com,www.phirda.com,200,alicdn,
china-cnaf,government,https://www.cnaf.cn,www.cnaf.cn,200,unknown,
dosm,government,https://open.dosm.gov.my/,open.dosm.gov.my,200,unknown,
hk-sfc,government,https://www.sfc.hk/en/Regulatory-functions/Products,www.sfc.hk,200,unknown,
kostat-cpi,government,https://kosis.kr/eng/,kosis.kr,0,unknown,
china-gas,government,https://www.sport.gov.cn/n315/n330/index.html,www.sport.gov.cn,200,unknown,
hk-companies-registry,government,https://www.cr.gov.hk/en/services/obtain-company-info.htm,www.cr.gov.hk,200,origin,
kostat,government,https://kosis.kr/eng/,kosis.kr,0,unknown,
china-cinic,government,https://www.cnnic.cn/11/38/326/index.html,www.cnnic.cn,0,unknown,
china-film-admin,government,https://www.chinafilm.gov.cn,www.chinafilm.gov.cn,200,unknown,
hkma,government,https://www.hkma.gov.hk/eng/data-publications-and-research/data-and-statistics/,www.hkma.gov.hk,200,origin,
china-national-museum,government,https://www.chnmuseum.cn/zp/zpml/,www.chnmuseum.cn,200,unknown,
china-csia,other,https://web.csia.net.cn,web.csia.net.cn,200,alicdn,
boj-statistics,government,https://www.boj.or.jp/en/statistics/index.htm,www.boj.or.jp,200,origin,
china-cflac,other,https://www.cflac.org.cn,www.cflac.org.cn,200,origin,
china-cecc,other,http://www.cecc.org.cn/hangye/,www.cecc.org.cn,200,origin,
india-rbi,government,https://www.rbi.org.in/Scripts/Statistics.aspx,www.rbi.org.in,200,azure,
india-mospi,government,https://mospi.gov.in/data,mospi.gov.in,200,origin,
japan-jma,government,https://www.data.jma.go.jp/risk/obsdl/index.php,www.data.jma.go.jp,404,cloudfront,
china-ceeia,commercial,https://www.ceeia.com,www.ceeia.com,200,origin,
japan-esri,government,https://www.esri.cao.go.jp/en/sna/menu.html,www.esri.cao.go.jp,200,origin,
japan-fsa,government,https://www.fsa.go.jp/en/refer/index.html,www.fsa.go.jp,200,cloudfront,
india-dgcis,government,https://www.commerce.gov.in/trade-statistics/,www.commerce.gov.in,404,unknown,
philippines-psa,government,https://openstat.psa.gov.ph,openstat.psa.gov.ph,403,cloudflare,
japan-mhlw,government,https://www.mhlw.go.jp/toukei/list/index.html,www.mhlw.go.jp,200,origin,
jpx,market,https://www.jpx.co.jp/english/markets/statistics-equities/index.html,www.jpx.co.jp,200,cloudfront,
china-chalco,commercial,https://www.chalco.com.cn,www.chalco.com.cn,200,unknown,
japan-mof,government,https://www.customs.go.jp/toukei/info/index_e.htm,www.customs.go.jp,200,origin,
vietnam-gso,government,https://www.nso.gov.vn/en/statistical-data/,www.nso.gov.vn,0,unknown,
japan-gpif,government,https://www.gpif.go.jp/en/performance/,www.gpif.go.jp,200,origin,
fia-fdi,government,https://www.mpi.gov.vn/en/Pages/FDI-1637.aspx,www.mpi.gov.vn,0,unknown,
mpi-fdi,government,https://www.mpi.gov.vn/en/Pages/Report-on-Foreign-Direct-Investment-1740.aspx,www.mpi.gov.vn,0,unknown,
malaysia-dosm,government,https://open.dosm.gov.my/,open.dosm.gov.my,200,unknown,
china-casc,government,https://www.spacechina.com/n25/index.html,www.spacechina.com,200,unknown,
vietnam-fia,government,https://www.mpi.gov.vn/en/Pages/FDI-1637.aspx,www.mpi.gov.vn,0,unknown,
singapore-singstat,government,https://tablebuilder.singstat.gov.sg,tablebuilder.singstat.gov.sg,200,unknown,
korea-bok,government,https://www.bok.or.kr/eng/main/main.do,www.bok.or.kr,200,unknown,
taiwan-dgbas,government,https://eng.stat.gov.tw/,eng.stat.gov.tw,403,cloudflare,
indonesia-bps,government,https://www.bps.go.id/en/statistics-table,www.bps.go.id,403,cloudflare,
gdvc,government,https://www.customs.gov.vn,www.customs.gov.vn,200,origin,
vicofa,market,https://vicofa.org.vn/,vicofa.org.vn,403,origin,
vietnam-mof,government,https://www.mof.gov.vn/webcenter/portal/btcen/pages_r/m/statistics,www.mof.gov.vn,200,unknown,
laos-lsb,government,https://laosis.lsb.gov.la/,laosis.lsb.gov.la,0,unknown,
myanmar-cso,government,https://www.csostat.gov.mm,www.csostat.gov.mm,200,cloudflare,
uk-ons-cpi-rpi,government,https://www.ons.gov.uk/economy/inflationandpriceindices,www.ons.gov.uk,200,cloudflare,
uk-met-office,government,https://www.metoffice.gov.uk/research/climate/maps-and-data,www.metoffice.gov.uk,200,cloudfront,
china-cdpf,government,https://www.cdpf.org.cn/zwgk/index.htm,www.cdpf.org.cn,403,unknown,
brunei-deps,government,https://deps.mofe.gov.bn/edata-library/,deps.mofe.gov.bn,200,azure,
china-cafiu,other,https://www.cafiu.org.cn,www.cafiu.org.cn,200,origin,
china-csei,research,https://www.csei.org.cn,www.csei.org.cn,200,unknown,
japan-jetro,government,https://www.jetro.go.jp/en/reports/statistics.html,www.jetro.go.jp,200,cloudfront,
korea-kostat,government,https://kosis.kr/eng/,kosis.kr,200,origin,
china-avic,government,https://www.avic.com,www.avic.com,200,unknown,
japan-estat,government,https://www.e-stat.go.jp/en/stat-search,www.e-stat.go.jp,200,unknown,
uk-boe,government,https://www.bankofengland.co.uk/boeapps/database/,www.bankofengland.co.uk,200,origin,
cambodia-nis,government,https://camstat.nis.gov.kh/,camstat.nis.gov.kh,200,unknown,
bank-of-england-statistics,government,https://www.bankofengland.co.uk/boeapps/database/,www.bankofengland.co.uk,200,origin,
uk-data-gov,government,https://www.data.gov.uk,www.data.gov.uk,200,fastly,
france-insee,government,https://www.insee.fr/en/statistiques,www.insee.fr,200,unknown,
germany-arbeitsagentur,government,https://statistik.arbeitsagentur.de/,statistik.arbeitsagentur.de,403,origin,
germany-destatis,government,https://www.destatis.de/EN/Themes/_node.html,www.destatis.de,200,unknown,
belgium-statbel,government,https://statbel.fgov.be/en/open-data,statbel.fgov.be,0,unknown,
saudi-gastat,government,https://www.stats.gov.sa/statistics,www.stats.gov.sa,200,unknown,
spain-ine,government,https://www.ine.es/dyngs/INEbase/listaoperaciones.htm,www.ine.es,200,unknown,
switzerland-fso,government,https://www.bfs.admin.ch/bfs/en/home/statistics.html,www.bfs.admin.ch,200,unknown,
norway-ssb,government,https://www.ssb.no/en/statbank,www.ssb.no,200,unknown,
poland-gus,government,https://bdl.stat.gov.pl/BDL/start,bdl.stat.gov.pl,200,unknown,
sbv,government,https://www.sbv.gov.vn/webcenter/portal/en/home/rm/public,www.sbv.gov.vn,200,unknown,
austria-statistik,government,https://www.statistik.at/statistiken,www.statistik.at,200,unknown,
netherlands-cbs,government,https://opendata.cbs.nl/statline/,opendata.cbs.nl,200,unknown,
portugal-ine,government,https://www.ine.pt/xportal/xmain?xpid=INE&xpgid=ine_base_dados,www.ine.pt,0,unknown,
bulgaria-nsi,government,https://www.nsi.bg/en/content/2666/statisticsdatabases,www.nsi.bg,403,cloudflare,
sweden-scb,government,https://www.statistikdatabasen.scb.se,www.statistikdatabasen.scb.se,200,unknown,
ireland-cso,government,https://data.cso.ie,data.cso.ie,200,unknown,
italy-istat,government,https://esploradati.istat.it/databrowser/,esploradati.istat.it,200,unknown,
russia-rosstat,government,https://rosstat.gov.ru/statistics,rosstat.gov.ru,0,unknown,
canada-boc,government,https://www.bankofcanada.ca/rates/,www.bankofcanada.ca,200,unknown,
turkey-tuik,government,https://data.tuik.gov.tr,data.tuik.gov.tr,200,unknown,
croatia-dzs,government,https://dzs.gov.hr/en/data-and-statistics,dzs.gov.hr,404,unknown,
romania-bvb,market,https://www.bvb.ro/FinancialInstruments/Markets/Shares,www.bvb.ro,200,unknown,
romania-ins,government,https://insse.ro/cms/en/statistici-2,insse.ro,0,unknown,
denmark-dst,government,https://www.dst.dk/en/Statistik,www.dst.dk,302,origin,
gso-vietnam,government,https://www.gso.gov.vn/en/data-and-statistics/,www.gso.gov.vn,0,unknown,
czechia-czso,government,https://vdb.czso.cz,vdb.czso.cz,200,unknown,
us-bls,government,https://www.bls.gov/data/,www.bls.gov,403,akamai,
mexico-coneval,government,https://www.coneval.org.mx,www.coneval.org.mx,200,unknown,
finland-stat,government,https://pxdata.stat.fi/PxWeb/pxweb/en/StatFin/,pxdata.stat.fi,200,unknown,
canada-statcan,government,https://www.statcan.gc.ca/en/start,www.statcan.gc.ca,200,origin,
canada-cihi,government,https://www.cihi.ca/en/access-data-and-reports,www.cihi.ca,403,unknown,
canada-cer,government,https://www.cer-rec.gc.ca/en/data-analysis/,www.cer-rec.gc.ca,200,origin,
mx-banxico,government,https://www.banxico.org.mx,www.banxico.org.mx,200,unknown,
us-data-gov,government,https://catalog.data.gov/dataset,catalog.data.gov,200,cloudfront,
china-moj,government,https://www.moj.gov.cn/pub/sfbgw/zwgkzl/tjsj/,www.moj.gov.cn,302,origin,
usgs-earthexplorer,government,https://earthexplorer.usgs.gov/,earthexplorer.usgs.gov,200,unknown,
china-spc,government,https://www.court.gov.cn/sfsj.html,www.court.gov.cn,403,unknown,
aus-aihw,government,https://www.aihw.gov.au/,www.aihw.gov.au,403,cloudflare,
bureau-of-meteorology,government,https://www.bom.gov.au,www.bom.gov.au,200,akamai,
australia-abs,government,https://www.abs.gov.au,www.abs.gov.au,200,cloudfront,
us-cdc,government,https://wonder.cdc.gov/,wonder.cdc.gov,200,unknown,
romania-bnr,government,https://www.bnr.ro/Statistics-702.aspx,www.bnr.ro,404,unknown,
us-federalreserve,government,https://www.federalreserve.gov/data.htm,www.federalreserve.gov,200,cloudflare,
brazil-mdic-secex,government,https://comexstat.mdic.gov.br/en/home,comexstat.mdic.gov.br,403,cloudflare,
slovenia-surs,government,https://www.stat.si/StatWeb/en,www.stat.si,200,origin,
usaid-ddl,government,https://data.usaid.gov,data.usaid.gov,0,unknown,
us-census,government,https://data.census.gov,data.census.gov,200,cloudflare,
mexico-inegi,government,https://www.inegi.org.mx/datos/,www.inegi.org.mx,200,origin,
asx,market,https://www.asx.com.au/markets,www.asx.com.au,200,fastly,
us-bea,government,https://www.bea.gov/data,www.bea.gov,200,azure,
noaa-cdo,government,https://www.ncei.noaa.gov/cdo-web/,www.ncei.noaa.gov,200,origin,
usgs,government,https://www.usgs.gov/products/data,www.usgs.gov,405,cloudfront,
slovakia-susr,government,https://datacube.statistics.sk,datacube.statistics.sk,200,origin,
nz-stats,government,https://infoshare.stats.govt.nz,infoshare.stats.govt.nz,200,cloudflare,
china-sac-standards,government,https://std.samr.gov.cn/,std.samr.gov.cn,404,origin,
us-treasury,government,https://fiscaldata.treasury.gov,fiscaldata.treasury.gov,200,unknown,
brazil-bcb,government,https://dadosabertos.bcb.gov.br,dadosabertos.bcb.gov.br,200,azure,
brazil-conab,government,https://www.gov.br/conab/pt-br/atuacao/informacoes-agropecuarias/safras/safra-de-cafe,www.gov.br,403,unknown,
kenya-knbs,government,https://www.knbs.or.ke/publications/,www.knbs.or.ke,0,unknown,
greece-elstat,government,https://www.statistics.gr/en/statistics,www.statistics.gr,0,unknown,
faostat,international,https://www.fao.org/faostat/en/,www.fao.org,200,cloudflare,
colombia-dane,government,https://www.dane.gov.co/index.php/estadisticas-por-tema,www.dane.gov.co,401,unknown,
peru-inei,government,https://www.inei.gob.pe/estadisticas/,www.inei.gob.pe,200,origin,
china-mca,government,https://www.mca.gov.cn/n156/n2679/index.html,www.mca.gov.cn,0,unknown,
unfpa-china,international,https://china.unfpa.org/en/publications,china.unfpa.org,200,fastly,
adb-data,international,https://data.adb.org,data.adb.org,403,cloudflare,
unfpa-urbanization,international,https://www.unfpa.org/urbanization,www.unfpa.org,200,fastly,
cgiar-research-data,international,https://gardian.cgiar.org/,gardian.cgiar.org,200,origin,
afdb-statistics,international,https://dataportal.opendataforafrica.org,dataportal.opendataforafrica.org,403,cloudflare,
adb-data-library,international,https://data.adb.org,data.adb.org,403,cloudflare,
argentina-indec,government,https://www.indec.gob.ar/indec/web/Nivel3-Tema-3-35,www.indec.gob.ar,200,unknown,
caf,international,https://www.caf.com/en/,www.caf.com,0,unknown,
nigeria-nbs,government,https://www.nigerianstat.gov.ng/elibrary,www.nigerianstat.gov.ng,200,origin,
caribbean-development-bank,international,https://www.caribank.org/data/country-data-reports,www.caribank.org,200,fastly,
idb,international,https://www.iadb.org/en/knowledge-resources/data,www.iadb.org,403,cloudflare,
afdb,international,https://www.afdb.org/en/knowledge/statistics,www.afdb.org,403,cloudflare,
ghana-gss,government,https://statsghana.gov.gh/data-statistics/economic-statistics,statsghana.gov.gh,200,origin,
hungary-ksh,government,https://www.ksh.hu/engstadat,www.ksh.hu,200,unknown,
adb-vietnam,international,https://www.adb.org/countries/viet-nam/data,www.adb.org,403,cloudflare,
us-hud,government,https://www.huduser.gov/portal/datasets/,www.huduser.gov,200,unknown,
south-africa-statssa,government,https://www.statssa.gov.za/?page_id=1854,www.statssa.gov.za,200,imperva,
stats-sa,government,https://www.statssa.gov.za/?page_id=1521,www.statssa.gov.za,404,imperva,
egypt-capmas,government,https://www.capmas.gov.eg/Pages/Publications.aspx,www.capmas.gov.eg,200,origin,
aiddata,research,https://www.aiddata.org/datasets,www.aiddata.org,200,cloudflare,
worldbank-open-data,international,https://data.worldbank.org,data.worldbank.org,200,cloudflare,
chile-ine,government,https://www.ine.gob.cl/estadisticas,www.ine.gob.cl,200,origin,
adb-key-indicators,international,https://kidb.adb.org,kidb.adb.org,200,azure,
adb,international,https://www.adb.org/what-we-do/data,www.adb.org,403,cloudflare,
adb-vietnam-data,international,https://www.adb.org/countries/viet-nam/data,www.adb.org,403,cloudflare,
brazil-mapa,government,https://indicadores.agricultura.gov.br/agrostat/index.htm,indicadores.agricultura.gov.br,200,unknown,
adb-ado,international,https://www.adb.org/publications/series/asian-development-outlook,www.adb.org,403,cloudflare,
imf-data,international,https://data.imf.org,data.imf.org,403,akamai,
oecd-pisa,international,https://www.oecd.org/en/about/programmes/pisa.html,www.oecd.org,403,cloudflare,
iea-energy-data,international,https://www.iea.org/data-and-statistics,www.iea.org,403,cloudflare,
china-wenshu,government,https://wenshu.court.gov.cn/website/wenshu/181107ANFZ0BXSK4/index.html,wenshu.court.gov.cn,200,unknown,
intl-copernicus-cdse,international,https://dataspace.copernicus.eu,dataspace.copernicus.eu,200,unknown,
eurostat,international,https://ec.europa.eu/eurostat/databrowser/explore/all/all_themes,ec.europa.eu,200,unknown,
opec-statistics,international,https://asb.opec.org,asb.opec.org,403,cloudflare,
nasa-earthdata,government,https://www.earthdata.nasa.gov,www.earthdata.nasa.gov,200,cloudfront,
usda-fas,government,https://apps.fas.usda.gov/psdonline/app/index.html,apps.fas.usda.gov,0,unknown,
asean-stats,international,https://data.aseanstats.org,data.aseanstats.org,403,origin,
iso-construction,international,https://www.iso.org/committee/49070/x/catalogue/,www.iso.org,200,cloudflare,
oecd-statistics,international,https://stats.oecd.org,stats.oecd.org,405,unknown,
brazil-ibge,government,https://www.ibge.gov.br/en/indicators,www.ibge.gov.br,0,unknown,
ceic-vietnam,commercial,https://www.ceicdata.com/en/country/vietnam,www.ceicdata.com,200,cloudfront,
ebrd,international,https://www.ebrd.com,www.ebrd.com,200,fastly,
ecb-sdw,government,https://data.ecb.europa.eu/,data.ecb.europa.eu,200,unknown,
irena,international,https://www.irena.org/Data,www.irena.org,200,unknown,
iea-education-studies,international,https://www.iea.nl/data-tools/repository,www.iea.nl,200,origin,
who-gho,international,https://www.who.int/data/gho/data/indicators,www.who.int,200,cloudflare,
unsd-national-accounts,international,https://unstats.un.org/unsd/snaama,unstats.un.org,200,unknown,
ico-coffee,international,https://www.ico.org/trade_statistics.asp,www.ico.org,404,origin,
iaea-energy-data,international,https://data.iaea.org/,data.iaea.org,403,unknown,
gavi,international,https://www.gavi.org/programmes-impact/our-impact/facts-and-figures,www.gavi.org,403,unknown,
jodi,international,https://www.jodidata.org/oil/database/data-downloads.aspx,www.jodidata.org,200,origin,
unctad-infrastructure-statistics,international,https://unctadstat.unctad.org/datacentre,unctadstat.unctad.org,403,cloudflare,
china-cgs,government,https://geocloud.cgs.gov.cn,geocloud.cgs.gov.cn,0,unknown,
bis-cbta,international,https://data.bis.org/topics/CBTA,data.bis.org,200,unknown,
bis-reserves,international,https://data.bis.org/topics/CBTA,data.bis.org,200,unknown,
codex-alimentarius,international,https://www.fao.org/fao-who-codexalimentarius/codex-texts/all-standards/en/,www.fao.org,200,cloudflare,
unctad,international,https://unctadstat.unctad.org,unctadstat.unctad.org,403,cloudflare,
eea-climate,international,https://www.eea.europa.eu/en/datahub,www.eea.europa.eu,200,origin,
cites-trade-database,international,https://trade.cites.org,trade.cites.org,200,origin,
iais,international,https://www.iais.org/activities-topics/financial-stability/gimar/,www.iais.org,200,unknown,
unctad-trade-transport,international,https://unctadstat.unctad.org/EN/TransportCost.html,unctadstat.unctad.org,403,cloudflare,
brazil-cecafe,market,https://www.cecafe.com.br/publicacoes/relatorio-de-exportacoes/,www.cecafe.com.br,200,origin,
ecdc-surveillance,international,https://www.ecdc.europa.eu/en/data-dashboards-and-databases,www.ecdc.europa.eu,200,cloudfront,
itf-transport,international,https://www.itf-oecd.org/transport-statistics,www.itf-oecd.org,403,cloudflare,
gbif,international,https://www.gbif.org/occurrence/search,www.gbif.org,403,cloudflare,
sasb-standards,international,https://sasb.ifrs.org/standards/,sasb.ifrs.org,200,cloudfront,
ilo-statistics,international,https://ilostat.ilo.org/data/,ilostat.ilo.org,200,cloudflare,
ember-climate,research,https://ember-climate.org/data/,ember-climate.org,403,cloudflare,
unesco-uis,international,https://data.uis.unesco.org/,data.uis.unesco.org,200,unknown,
eu-construction,international,https://ec.europa.eu/growth/sectors/construction_en,ec.europa.eu,200,cloudfront,
global-reporting-initiative,international,https://www.globalreporting.org/standards/,www.globalreporting.org,200,cloudflare,
wipo-ip-statistics,international,https://www3.wipo.int/ipstats/,www3.wipo.int,200,cloudfront,
basel-convention,international,https://www.basel.int,www.basel.int,200,origin,
wto-statistics,international,https://stats.wto.org,stats.wto.org,200,cloudflare,
unicef,international,https://data.unicef.org/resources/resource-type/datasets/,data.unicef.org,403,cloudflare,
amis,international,https://www.amis-outlook.org,www.amis-outlook.org,200,fastly,
africa-cdc,international,https://africacdc.org,africacdc.org,200,origin,
ipcc,international,https://www.ipcc-data.org/observ/index.html,www.ipcc-data.org,503,unknown,
bipm-kcdb,international,https://www.bipm.org/kcdb,www.bipm.org,200,origin,
unhcr,international,https://www.unhcr.org/refugee-statistics/,www.unhcr.org,403,cloudflare,
icao-aviation-data,international,https://dataservices.icao.int/,dataservices.icao.int,200,origin,
global-carbon-project,research,https://www.globalcarbonproject.org/carbonbudget/,www.globalcarbonproject.org,200,origin,
un-comtrade,international,https://comtradeplus.un.org,comtradeplus.un.org,200,unknown,
unfccc,international,https://di.unfccc.int,di.unfccc.int,200,imperva,
semi,research,https://semi.org/en/products-services/market-data,semi.org,403,cloudflare,
cdiac,research,https://data.ess-dive.lbl.gov/portals/CDIAC,data.ess-dive.lbl.gov,404,cloudflare,
paleobiodb,research,https://paleobiodb.org/navigator/,paleobiodb.org,200,origin,
paris-club,international,https://www.clubdeparis.org,www.clubdeparis.org,200,unknown,
china-robot-industry-alliance,market,https://cria.mei.net.cn/gzpt.asp?lm=/1310,cria.mei.net.cn,0,unknown,
un-ocha-fts,international,https://fts.unocha.org,fts.unocha.org,202,unknown,
china-petroleum-chemical-federation,market,http://www.cpcif.org.cn/list/402882396610575f0166105924fe0000,www.cpcif.org.cn,200,origin,
cdp,research,https://www.cdp.net/en/data,www.cdp.net,200,azure,
un-population,international,https://population.un.org/wpp/,population.un.org,200,unknown,
common-crawl,research,https://commoncrawl.org,commoncrawl.org,200,cloudflare,
aafc,government,https://open.canada.ca/data/en/organization/aafc-aac,open.canada.ca,200,unknown,
isric-world-soil,research,https://www.isric.org/explore,www.isric.org,200,unknown,
bp-statistical-review,market,https://www.energyinst.org/statistical-review,www.energyinst.org,403,cloudflare,
china-optical-association,market,https://www.coema.org.cn/research/sum,www.coema.org.cn,200,unknown,
china-machine-tool-association,market,https://www.cmtba.org.cn/web/11/list.html,www.cmtba.org.cn,200,unknown,
bloomberg-ipo-database,commercial,https://www.bloomberg.com/professional/products/bloomberg-terminal/,www.bloomberg.com,403,fastly,
china-cntac,other,https://www.cntac.org.cn/jinghua,www.cntac.org.cn,0,unknown,
ecmwf,international,https://cds.climate.copernicus.eu,cds.climate.copernicus.eu,200,unknown,
china-charging-alliance,market,https://evcipa.com/dataCenter/dataList,evcipa.com,200,origin,
cryptocurrency-data,commercial,https://coinmarketcap.com,coinmarketcap.com,200,cloudfront,
alpha-vantage,commercial,https://www.alphavantage.co/,www.alphavantage.co,200,cloudflare,
bea-international-trade,government,https://apps.bea.gov/iTable/index_ita.cfm,apps.bea.gov,200,azure,
crsp,research,https://www.crsp.org/,www.crsp.org,200,fastly,
bloomberg-terminal,commercial,https://www.bloomberg.com/markets,www.bloomberg.com,403,fastly,
bloomberg-terminal-ipo,commercial,https://www.bloomberg.com/professional/products/bloomberg-terminal/,www.bloomberg.com,403,fastly,
derwent-innovation-index,commercial,https://clarivate.com/products/derwent-innovation/,clarivate.com,200,fastly,
qs-world-university-rankings,market,https://www.topuniversities.com/world-university-rankings,www.topuniversities.com,403,cloudflare,
cambridge-structural-database,research,https://www.ccdc.cam.ac.uk,www.ccdc.cam.ac.uk,200,azure,
conll-shared-tasks,research,https://www.conll.org/previous-tasks,www.conll.org,200,origin,
china-rare-earth-association,market,https://ac-rei.org.cn,ac-rei.org.cn,200,origin,
british-museum-collection,research,https://www.britishmuseum.org/collection,www.britishmuseum.org,403,cloudflare,
china-imt2030,government,https://www.imt2030.org.cn/html/default/zhongwen/chengguofabu/index.html,www.imt2030.org.cn,200,origin,
imagenet,research,https://www.image-net.org,www.image-net.org,200,origin,
cifar,research,https://www.cs.toronto.edu/~kriz/cifar.html,www.cs.toronto.edu,200,origin,
bookscorpus,research,https://github.com/soskek/bookcorpus,github.com,200,unknown,
singapore-dos,government,https://tablebuilder.singstat.gov.sg,tablebuilder.singstat.gov.sg,200,unknown,
india-meity,government,https://www.meity.gov.in/content/annual-report,www.meity.gov.in,200,unknown,
refinitiv-lseg,commercial,https://www.lseg.com/en/data-analytics/products/workspace,www.lseg.com,200,cloudfront,
china-lcd-association,market,https://www.coda.org.cn,www.coda.org.cn,403,origin,
japan-customs,government,https://www.customs.go.jp/toukei/info/index_e.htm,www.customs.go.jp,200,origin,
akshare,other,https://github.com/akfamily/akshare,github.com,200,unknown,
icc-trade-register,international,https://iccwbo.org/news-publications/policies-reports/icc-trade-register-report/,iccwbo.org,200,origin,
thailand-nso,government,https://www.nso.go.th/nsoweb/officialStatistics,www.nso.go.th,200,imperva,
us-fred,government,https://fred.stlouisfed.org,fred.stlouisfed.org,0,unknown,
sec-edgar,government,https://www.sec.gov/cgi-bin/browse-edgar?action=getcompany,www.sec.gov,403,akamai,
asean-centre-for-energy,international,https://aseanenergy.org/publications/,aseanenergy.org,200,cloudflare,
aws-open-data-registry,commercial,https://registry.opendata.aws/,registry.opendata.aws,200,cloudfront,
arwu,research,https://www.shanghairanking.com/rankings/arwu/2025,www.shanghairanking.com,200,alicdn,
china-additive-manufacturing-alliance,market,https://www.miit-eidc.org.cn,www.miit-eidc.org.cn,200,unknown,
tennis-sackmann,research,https://github.com/JeffSackmann/tennis_atp,github.com,200,unknown,
tennis-atp-wta-data,research,https://github.com/JeffSackmann/tennis_atp,github.com,200,unknown,
tennis-abstract-atp-wta,research,https://github.com/JeffSackmann/tennis_atp,github.com,200,unknown,
joinquant,commercial,https://www.joinquant.com/data,www.joinquant.com,200,origin,
ceic-global-database,commercial,https://www.ceicdata.com/en/products/global-economic-database,www.ceicdata.com,200,cloudfront,
china-mnr-minerals,government,https://www.mnr.gov.cn/sj/sjfw/kc_19263/,www.mnr.gov.cn,0,unknown,
entso-e,international,https://transparency.entsoe.eu,transparency.entsoe.eu,200,unknown,
us-sia,other,https://www.semiconductors.org/data/,www.semiconductors.org,200,cloudflare,
hundsun-juyuan,commercial,https://gildata.hs.net/,gildata.hs.net,200,unknown,
usa-eia,government,https://www.eia.gov,www.eia.gov,503,akamai,
china-cnao,government,https://www.audit.gov.cn,www.audit.gov.cn,0,unknown,
china-semiconductor-association,market,https://web.csia.net.cn/hyyhfx,web.csia.net.cn,200,alicdn,
china-instrument-society,research,https://www.cis.org.cn/post/index/162,www.cis.org.cn,0,unknown,
china-npc-law,government,https://flk.npc.gov.cn/,flk.npc.gov.cn,0,unknown,
china-miit-eidc,government,https://www.miit-eidc.org.cn/,www.miit-eidc.org.cn,0,unknown,
japan-meti,government,https://www.meti.go.jp/english/statistics/index.html,www.meti.go.jp,0,unknown,
china-stma,government,https://www.tobacco.gov.cn/html/42/index.html,www.tobacco.gov.cn,0,unknown,
china-software-association,market,https://www.csia.org.cn/,www.csia.org.cn,200,unknown,
undp-hdr,international,https://hdr.undp.org/data-center,hdr.undp.org,0,unknown,
china-auto-association,market,http://www.caam.org.cn/tjsj,www.caam.org.cn,0,unknown,
